{"stats":{"minecraft:killed":{"minecraft:pig":1,"minecraft:spider":1,"minecraft:sheep":1,"minecraft:zombie":2},"minecraft:dropped":{"minecraft:iron_ingot":2,"minecraft:compass":1,"minecraft:coal":1,"minecraft:oxeye_daisy":1},"minecraft:killed_by":{"minecraft:player":1},"minecraft:mined":{"minecraft:tuff":4,"minecraft:white_bed":9,"minecraft:crafting_table":1,"minecraft:torch":1,"minecraft:poppy":1,"minecraft:chest":1,"minecraft:tall_grass":37,"minecraft:cobblestone":12,"minecraft:sugar_cane":6,"minecraft:oxeye_daisy":1,"minecraft:wall_torch":1,"minecraft:hay_block":32,"minecraft:lilac":2,"minecraft:andesite":12,"minecraft:yellow_bed":2,"minecraft:grass":181,"minecraft:oak_log":7,"minecraft:stone":24,"minecraft:oak_leaves":4,"minecraft:deepslate":77},"minecraft:used":{"minecraft:stone_pickaxe":116,"minecraft:poppy":2,"minecraft:wooden_pickaxe":14,"minecraft:shield":6,"minecraft:torch":3,"minecraft:crafting_table":1,"minecraft:white_bed":4,"minecraft:bread":9,"minecraft:lilac":1,"minecraft:stone_axe":25,"minecraft:cobblestone":8,"minecraft:hay_block":4},"minecraft:picked_up":{"minecraft:crafting_table":1,"minecraft:lilac":1,"minecraft:enchanted_book":1,"minecraft:oak_log":7,"minecraft:yellow_bed":3,"minecraft:string":6,"minecraft:bone":6,"minecraft:wheat_seeds":22,"minecraft:cobbled_deepslate":3,"minecraft:iron_ingot":4,"minecraft:beef":2,"minecraft:poppy":2,"minecraft:sugar_cane":14,"minecraft:chest":1,"minecraft:oak_door":1,"minecraft:music_disc_13":1,"minecraft:torch":3,"minecraft:porkchop":1,"minecraft:white_bed":10,"minecraft:redstone":5,"minecraft:spider_eye":1,"minecraft:iron_horse_armor":1,"minecraft:rotten_flesh":4,"minecraft:hay_block":27,"minecraft:mutton":4,"minecraft:coal":1,"minecraft:white_wool":1,"minecraft:cobblestone":37,"minecraft:oxeye_daisy":1},"minecraft:crafted":{"minecraft:oak_planks":28,"minecraft:crafting_table":1,"minecraft:wooden_pickaxe":1,"minecraft:stone_axe":1,"minecraft:bread":39,"minecraft:shield":1,"minecraft:stick":8,"minecraft:stone_pickaxe":1,"minecraft:wheat":117},"minecraft:custom":{"minecraft:mob_kills":5,"minecraft:interact_with_crafting_table":7,"minecraft:leave_game":1,"minecraft:time_since_death":1620,"minecraft:sleep_in_bed":2,"minecraft:time_since_rest":1643,"minecraft:sprint_one_cm":131819,"minecraft:damage_taken":690,"minecraft:walk_one_cm":64978,"minecraft:damage_blocked_by_shield":110,"minecraft:drop":5,"minecraft:damage_dealt":1629,"minecraft:fly_one_cm":212662,"minecraft:player_kills":1,"minecraft:open_chest":2,"minecraft:crouch_one_cm":3403,"minecraft:play_time":33084,"minecraft:deaths":2,"minecraft:sneak_time":2765,"minecraft:walk_under_water_one_cm":659,"minecraft:jump":956,"minecraft:walk_on_water_one_cm":7045,"minecraft:total_world_time":33084,"minecraft:fall_one_cm":30968}},"DataVersion":3465}