{"stats":{"minecraft:killed":{"minecraft:sheep":1,"minecraft:pig":1,"minecraft:spider":1},"minecraft:dropped":{"minecraft:iron_ingot":2,"minecraft:compass":1},"minecraft:killed_by":{"minecraft:player":1},"minecraft:mined":{"minecraft:hay_block":31,"minecraft:white_bed":6,"minecraft:lilac":2,"minecraft:yellow_bed":2,"minecraft:grass":72,"minecraft:oak_log":7,"minecraft:poppy":1,"minecraft:tall_grass":28,"minecraft:cobblestone":12,"minecraft:sugar_cane":6,"minecraft:oxeye_daisy":1,"minecraft:oak_leaves":4},"minecraft:used":{"minecraft:bread":3,"minecraft:poppy":2,"minecraft:wooden_pickaxe":13,"minecraft:lilac":1,"minecraft:stone_axe":16,"minecraft:cobblestone":2,"minecraft:hay_block":3,"minecraft:white_bed":1},"minecraft:picked_up":{"minecraft:lilac":1,"minecraft:oak_door":1,"minecraft:torch":1,"minecraft:porkchop":1,"minecraft:oak_log":7,"minecraft:yellow_bed":3,"minecraft:white_bed":7,"minecraft:spider_eye":1,"minecraft:string":1,"minecraft:wheat_seeds":9,"minecraft:hay_block":26,"minecraft:iron_ingot":4,"minecraft:poppy":2,"minecraft:sugar_cane":14,"minecraft:mutton":4,"minecraft:white_wool":1,"minecraft:cobblestone":12,"minecraft:oxeye_daisy":1},"minecraft:crafted":{"minecraft:oak_planks":12,"minecraft:shield":1,"minecraft:stick":4,"minecraft:wooden_pickaxe":1,"minecraft:stone_axe":1,"minecraft:bread":39,"minecraft:wheat":117},"minecraft:custom":{"minecraft:time_since_rest":13456,"minecraft:sprint_one_cm":81780,"minecraft:damage_taken":300,"minecraft:walk_one_cm":47538,"minecraft:mob_kills":3,"minecraft:drop":3,"minecraft:damage_dealt":978,"minecraft:player_kills":1,"minecraft:interact_with_crafting_table":5,"minecraft:fly_one_cm":116279,"minecraft:open_chest":2,"minecraft:crouch_one_cm":1621,"minecraft:play_time":18589,"minecraft:deaths":1,"minecraft:sneak_time":499,"minecraft:walk_under_water_one_cm":511,"minecraft:jump":529,"minecraft:time_since_death":13430,"minecraft:walk_on_water_one_cm":512,"minecraft:total_world_time":18589,"minecraft:fall_one_cm":15703}},"DataVersion":3465}