{"stats":{"minecraft:killed":{"minecraft:spider":1},"minecraft:killed_by":{"minecraft:player":1},"minecraft:picked_up":{"minecraft:spider_eye":1,"minecraft:string":1},"minecraft:custom":{"minecraft:jump":113,"minecraft:time_since_rest":1456,"minecraft:deaths":1,"minecraft:damage_dealt":18,"minecraft:crouch_one_cm":1063,"minecraft:sprint_one_cm":11835,"minecraft:play_time":6589,"minecraft:damage_taken":220,"minecraft:time_since_death":1430,"minecraft:walk_one_cm":10631,"minecraft:sneak_time":280,"minecraft:total_world_time":6589,"minecraft:mob_kills":1,"minecraft:player_kills":1,"minecraft:fall_one_cm":3717,"minecraft:fly_one_cm":16859}},"DataVersion":3465}