{"stats":{"minecraft:mined":{"minecraft:birch_leaves":6},"minecraft:used":{"minecraft:birch_sapling":1,"minecraft:leather_boots":1},"minecraft:picked_up":{"minecraft:birch_sapling":1},"minecraft:custom":{"minecraft:jump":240,"minecraft:open_chest":1,"minecraft:time_since_rest":16772,"minecraft:walk_on_water_one_cm":1351,"minecraft:crouch_one_cm":57,"minecraft:leave_game":2,"minecraft:play_time":16772,"minecraft:sprint_one_cm":27648,"minecraft:damage_taken":80,"minecraft:time_since_death":16772,"minecraft:walk_one_cm":7846,"minecraft:sneak_time":123,"minecraft:total_world_time":16772,"minecraft:walk_under_water_one_cm":8938,"minecraft:fall_one_cm":7462,"minecraft:fly_one_cm":31644}},"DataVersion":3465}