{"stats":{"minecraft:killed_by":{"minecraft:player":1},"minecraft:mined":{"minecraft:dirt":1,"minecraft:dark_oak_leaves":7},"minecraft:used":{"minecraft:string":1,"minecraft:dirt":1,"minecraft:dark_oak_sapling":1},"minecraft:picked_up":{"minecraft:dark_oak_sapling":1,"minecraft:string":1,"minecraft:dirt":1},"minecraft:custom":{"minecraft:jump":188,"minecraft:time_since_rest":4738,"minecraft:damage_dealt":345,"minecraft:damage_taken":553,"minecraft:leave_game":1,"minecraft:play_time":7636,"minecraft:sprint_one_cm":18747,"minecraft:time_since_death":4704,"minecraft:walk_one_cm":5955,"minecraft:deaths":2,"minecraft:total_world_time":7636,"minecraft:player_kills":1,"minecraft:fly_one_cm":28648,"minecraft:fall_one_cm":8852}},"DataVersion":3465}