{"stats":{"minecraft:killed":{"minecraft:spider":1,"minecraft:iron_golem":2,"minecraft:sheep":4,"minecraft:skeleton":1,"minecraft:zombie":1,"minecraft:chicken":1,"minecraft:cow":2},"minecraft:dropped":{"minecraft:wheat_seeds":5,"minecraft:chicken":1,"minecraft:white_bed":1,"minecraft:mutton":5,"minecraft:yellow_bed":1,"minecraft:beef":1,"minecraft:wooden_pickaxe":1,"minecraft:dandelion":1},"minecraft:killed_by":{"minecraft:player":1},"minecraft:mined":{"minecraft:tuff":4,"minecraft:white_bed":1,"minecraft:dark_oak_leaves":7,"minecraft:dandelion":1,"minecraft:crafting_table":3,"minecraft:torch":1,"minecraft:grass_block":2,"minecraft:cobblestone":6,"minecraft:oak_planks":6,"minecraft:hay_block":50,"minecraft:iron_ore":13,"minecraft:andesite":6,"minecraft:yellow_bed":1,"minecraft:grass":10,"minecraft:oak_log":12,"minecraft:deepslate_iron_ore":3,"minecraft:dirt":1,"minecraft:stone":35,"minecraft:deepslate":96,"minecraft:white_wool":1,"minecraft:oak_leaves":3,"minecraft:orange_bed":1},"minecraft:used":{"minecraft:water_bucket":2,"minecraft:stone_pickaxe":157,"minecraft:oak_planks":9,"minecraft:shield":2,"minecraft:wooden_pickaxe":6,"minecraft:torch":1,"minecraft:white_wool":1,"minecraft:dirt":2,"minecraft:crafting_table":5,"minecraft:oxeye_daisy":1,"minecraft:bread":9,"minecraft:string":1,"minecraft:brown_wool":1,"minecraft:lilac":1,"minecraft:stone_axe":47,"minecraft:cobblestone":5,"minecraft:bucket":3,"minecraft:egg":1,"minecraft:dark_oak_sapling":1,"minecraft:dandelion":2},"minecraft:picked_up":{"minecraft:crafting_table":4,"minecraft:lilac":1,"minecraft:chicken":1,"minecraft:andesite":11,"minecraft:brown_wool":1,"minecraft:tuff":8,"minecraft:oak_log":12,"minecraft:yellow_bed":3,"minecraft:dirt":3,"minecraft:string":1,"minecraft:compass":1,"minecraft:wheat_seeds":5,"minecraft:cobbled_deepslate":156,"minecraft:iron_ingot":5,"minecraft:beef":3,"minecraft:stone_pickaxe":1,"minecraft:poppy":1,"minecraft:oak_planks":17,"minecraft:egg":1,"minecraft:stick":2,"minecraft:dark_oak_sapling":1,"minecraft:raw_iron":16,"minecraft:oak_door":1,"minecraft:torch":1,"minecraft:dandelion":3,"minecraft:porkchop":1,"minecraft:white_bed":5,"minecraft:orange_bed":1,"minecraft:hay_block":65,"minecraft:coal":1,"minecraft:mutton":9,"minecraft:white_wool":5,"minecraft:cobblestone":39,"minecraft:oxeye_daisy":1},"minecraft:broken":{"minecraft:stone_pickaxe":1},"minecraft:crafted":{"minecraft:oak_planks":28,"minecraft:crafting_table":3,"minecraft:wooden_pickaxe":1,"minecraft:furnace":2,"minecraft:bucket":1,"minecraft:stone_axe":1,"minecraft:bread":96,"minecraft:shield":1,"minecraft:stick":8,"minecraft:stone_pickaxe":2,"minecraft:wheat":288},"minecraft:custom":{"minecraft:mob_kills":12,"minecraft:interact_with_crafting_table":9,"minecraft:leave_game":2,"minecraft:time_since_death":31505,"minecraft:sleep_in_bed":1,"minecraft:time_since_rest":11684,"minecraft:sprint_one_cm":98824,"minecraft:damage_taken":908,"minecraft:walk_one_cm":52243,"minecraft:damage_blocked_by_shield":60,"minecraft:drop":11,"minecraft:damage_dealt":2475,"minecraft:swim_one_cm":2427,"minecraft:fly_one_cm":223090,"minecraft:player_kills":1,"minecraft:open_chest":2,"minecraft:crouch_one_cm":2632,"minecraft:play_time":34437,"minecraft:deaths":2,"minecraft:sneak_time":1395,"minecraft:walk_under_water_one_cm":1377,"minecraft:jump":998,"minecraft:walk_on_water_one_cm":7083,"minecraft:total_world_time":34437,"minecraft:fall_one_cm":36451}},"DataVersion":3465}