{"stats":{"minecraft:mined":{"minecraft:dirt":1,"minecraft:dark_oak_leaves":7},"minecraft:used":{"minecraft:dirt":1,"minecraft:dark_oak_sapling":1},"minecraft:picked_up":{"minecraft:dark_oak_sapling":1,"minecraft:dirt":1},"minecraft:custom":{"minecraft:jump":96,"minecraft:time_since_rest":777,"minecraft:damage_dealt":20,"minecraft:leave_game":1,"minecraft:deaths":1,"minecraft:sprint_one_cm":12422,"minecraft:play_time":2068,"minecraft:damage_taken":495,"minecraft:time_since_death":681,"minecraft:walk_one_cm":2738,"minecraft:total_world_time":2068,"minecraft:fall_one_cm":6429,"minecraft:fly_one_cm":19203}},"DataVersion":3465}