{"stats":{"minecraft:killed":{"minecraft:sheep":4,"minecraft:chicken":1,"minecraft:iron_golem":1},"minecraft:dropped":{"minecraft:wheat_seeds":1,"minecraft:yellow_bed":1,"minecraft:chicken":1,"minecraft:wooden_pickaxe":1,"minecraft:white_bed":1,"minecraft:dandelion":1},"minecraft:killed_by":{"minecraft:player":1},"minecraft:mined":{"minecraft:hay_block":50,"minecraft:white_bed":1,"minecraft:dark_oak_leaves":7,"minecraft:dandelion":1,"minecraft:yellow_bed":1,"minecraft:grass":9,"minecraft:grass_block":2,"minecraft:oak_log":12,"minecraft:dirt":1,"minecraft:stone":6,"minecraft:white_wool":1,"minecraft:oak_leaves":3},"minecraft:used":{"minecraft:oxeye_daisy":1,"minecraft:bread":5,"minecraft:brown_wool":1,"minecraft:string":1,"minecraft:oak_planks":3,"minecraft:wooden_pickaxe":6,"minecraft:lilac":1,"minecraft:stone_axe":16,"minecraft:white_wool":1,"minecraft:dirt":2,"minecraft:crafting_table":2,"minecraft:egg":1,"minecraft:dandelion":2,"minecraft:dark_oak_sapling":1},"minecraft:picked_up":{"minecraft:dark_oak_sapling":1,"minecraft:lilac":1,"minecraft:chicken":1,"minecraft:brown_wool":1,"minecraft:dandelion":3,"minecraft:oak_log":12,"minecraft:white_bed":1,"minecraft:yellow_bed":1,"minecraft:string":1,"minecraft:dirt":3,"minecraft:compass":1,"minecraft:wheat_seeds":1,"minecraft:hay_block":55,"minecraft:iron_ingot":1,"minecraft:egg":1,"minecraft:mutton":5,"minecraft:cobblestone":6,"minecraft:oxeye_daisy":1,"minecraft:white_wool":4},"minecraft:crafted":{"minecraft:oak_planks":28,"minecraft:shield":1,"minecraft:crafting_table":2,"minecraft:stick":8,"minecraft:wooden_pickaxe":1,"minecraft:stone_pickaxe":1,"minecraft:stone_axe":1,"minecraft:bread":96,"minecraft:wheat":288},"minecraft:custom":{"minecraft:time_since_rest":16738,"minecraft:sprint_one_cm":65911,"minecraft:damage_taken":693,"minecraft:walk_one_cm":31221,"minecraft:mob_kills":6,"minecraft:drop":6,"minecraft:damage_dealt":925,"minecraft:swim_one_cm":1207,"minecraft:interact_with_crafting_table":5,"minecraft:player_kills":1,"minecraft:fly_one_cm":141892,"minecraft:open_chest":2,"minecraft:crouch_one_cm":13,"minecraft:play_time":19636,"minecraft:deaths":2,"minecraft:sneak_time":25,"minecraft:walk_under_water_one_cm":277,"minecraft:jump":613,"minecraft:leave_game":1,"minecraft:time_since_death":16704,"minecraft:walk_on_water_one_cm":826,"minecraft:total_world_time":19636,"minecraft:fall_one_cm":24609}},"DataVersion":3465}